{
  "aws_project_region": "ap-south-1",
  "aws_cognito_identity_pool_id": "ap-south-1:b80016c9-4bee-43cc-8274-3b32ff772ee1",
  "aws_cognito_region": "ap-south-1",
  "aws_user_pools_id": "ap-south-1_jbQktQCbf",
  "aws_user_pools_web_client_id": "77gjhs59ecvfjs7kv5k3uodtfe",
  "oauth": {},
  "aws_cognito_username_attributes": [
    "EMAIL"
  ],
  "aws_cognito_social_providers": [],
  "aws_cognito_signup_attributes": [
    "EMAIL"
  ],
  "aws_cognito_mfa_configuration": "OFF",
  "aws_cognito_mfa_types": [
    "SMS"
  ],
  "aws_cognito_password_protection_settings": {
    "passwordPolicyMinLength": 8,
    "passwordPolicyCharacters": []
  },
  "aws_cognito_verification_mechanisms": [
    "EMAIL"
  ]
}